<?xml version="1.0"?>
<!--
/**
 * Webtex
 *
 * NOTICE OF LICENSE
 *
 * This source file is subject to the EULA that is bundled
 * with this package in the file LICENSE.txt.
 * It is also available through the world-wide-web at this URL:
 * http://www.webtexsoftware.com/LICENSE.txt
 * If you did not receive a copy of the license and are unable to
 * obtain it through the world-wide-web, please send an email
 * to info@webtexsoftware.com and we will send you a copy immediately.
 *
 * DISCLAIMER
 *
 * Do not edit or add to this file if you wish to upgrade the extension to newer
 * versions in the future. If you wish to customize the extension for your
 * needs please refer to http://www.webtexsoftware.com for more information, 
 * or contact us through this email: info@webtexsoftware.com.
 *
 * @category   Webtex
 * @package    Webtex_GiftRegistry
 * @copyright  Copyright (c) 2011 Webtex Solutions, LLC (http://www.webtexsoftware.com/)
 * @license    http://www.webtexsoftware.com/LICENSE.txt End-User License Agreement
 */
-->
<config>
	<sections>
		<webtexgiftregistry_webtexgiftregistry translate="label" module="webtexgiftregistry">
			<label>Gift Registry</label>
			<tab>webtex</tab>
			<frontend_type>text</frontend_type>
			<sort_order>100</sort_order>
			<show_in_default>1</show_in_default>
			<show_in_website>1</show_in_website>
			<show_in_store>1</show_in_store>
			<groups>
                <webtexgiftregistry translate="label">
                    <label>Gift Registry</label>
                    <sort_order>900</sort_order>
                    <show_in_default>1</show_in_default>
                    <show_in_website>1</show_in_website>
                    <show_in_store>1</show_in_store>
                    <fields>
                        <switcher translate="label">
                            <label>Display "add To Registry" only for users who have registry</label>
                            <frontend_type>select</frontend_type>
                            <source_model>webtexgiftregistry/adminhtml_source_switcher</source_model>
                            <sort_order>300</sort_order>
                            <show_in_default>1</show_in_default>
                            <show_in_website>1</show_in_website>
                            <show_in_store>1</show_in_store>
                        </switcher>
                        <appid translate="label">
                            <label>Facebook APP Id</label>
                            <frontend_type>text</frontend_type>
                            <sort_order>310</sort_order>
                            <show_in_default>1</show_in_default>
                            <show_in_website>1</show_in_website>
                            <show_in_store>1</show_in_store>
                        </appid>
                    </fields>
                </webtexgiftregistry>
			</groups>
		</webtexgiftregistry_webtexgiftregistry>
	</sections>
</config>